epoch,time,train/box_loss,train/cls_loss,train/dfl_loss,metrics/precision(B),recall,mAP50,mAP50-95,val/box_loss,val/cls_loss,val/dfl_loss,lr/pg0,lr/pg1,lr/pg2
1,221.191,1.68864,2.54976,1.58305,0.84439,0.16252,0.44244,0.2204,1.5716,2.97565,1.50542,0.000653846,0.000653846,0.000653846
2,457.779,1.64156,2.00361,1.51757,0.56014,0.45591,0.46652,0.23289,1.66541,2.50047,1.72969,0.0013179,0.0013179,0.0013179
3,691.276,1.70445,1.94425,1.60671,0.4345,0.43978,0.37733,0.18466,1.76739,5.23518,1.7824,0.00197931,0.00197931,0.00197931
4,919.45,1.70203,1.82351,1.54335,0.55419,0.55408,0.56815,0.28816,1.70629,2.69779,1.65592,0.00198812,0.00198812,0.00198812
5,1233.62,1.67183,1.73757,1.5402,0.58249,0.54409,0.56171,0.3003,1.68928,2.6143,1.63651,0.00198416,0.00198416,0.00198416
6,3745.08,1.64364,1.62529,1.51127,0.56155,0.52246,0.5454,0.27827,1.76335,1.80057,1.6289,0.0019802,0.0019802,0.0019802
7,4003.9,1.62801,1.60907,1.49909,0.6106,0.54576,0.58867,0.31962,1.55696,2.6736,1.52539,0.00197624,0.00197624,0.00197624
8,4229.9,1.62143,1.53559,1.48544,0.64729,0.55574,0.62647,0.34778,1.5607,1.70901,1.49351,0.00197228,0.00197228,0.00197228
9,4456.94,1.601,1.54913,1.47082,0.6516,0.56949,0.61042,0.32237,1.72893,1.58319,1.58088,0.00196832,0.00196832,0.00196832
10,4737.6,1.56456,1.49295,1.44821,0.64322,0.56406,0.62195,0.34061,1.63456,1.59953,1.54893,0.00196436,0.00196436,0.00196436
11,5168.85,1.60635,1.50535,1.47284,0.64008,0.61252,0.62921,0.33401,1.66239,1.63689,1.54789,0.0019604,0.0019604,0.0019604
12,5416.95,1.60093,1.49109,1.471,0.50836,0.49917,0.4969,0.25682,1.64373,1.99264,1.59497,0.00195644,0.00195644,0.00195644
13,5640.63,1.5943,1.44526,1.45663,0.71404,0.58569,0.66946,0.37341,1.57801,1.42816,1.48574,0.00195248,0.00195248,0.00195248
14,5868.66,1.55433,1.39604,1.44973,0.66542,0.60888,0.66421,0.36195,1.63751,1.44688,1.51365,0.00194852,0.00194852,0.00194852
15,6095.37,1.55865,1.44715,1.46466,0.5688,0.59235,0.60108,0.3255,1.57526,1.60899,1.50494,0.00194456,0.00194456,0.00194456
16,6321.34,1.5373,1.40254,1.43987,0.68876,0.57571,0.66856,0.37831,1.55845,1.42312,1.48025,0.0019406,0.0019406,0.0019406
17,6547.5,1.57042,1.39702,1.4562,0.65966,0.57737,0.65219,0.36354,1.55047,1.43274,1.48877,0.00193664,0.00193664,0.00193664
18,6774.05,1.56232,1.37499,1.44607,0.62633,0.5624,0.60261,0.31857,1.64003,1.57769,1.53062,0.00193268,0.00193268,0.00193268
19,7002.41,1.53273,1.37911,1.41376,0.63756,0.57571,0.64154,0.37037,1.54634,1.45083,1.45615,0.00192872,0.00192872,0.00192872
20,7232.82,1.55144,1.38534,1.43925,0.69843,0.62396,0.68839,0.39062,1.52462,1.43085,1.47528,0.00192476,0.00192476,0.00192476
21,7460.64,1.55171,1.3664,1.4615,0.67258,0.5807,0.66137,0.37724,1.55369,1.45717,1.46959,0.0019208,0.0019208,0.0019208
22,7691.13,1.51439,1.32424,1.41537,0.67338,0.60067,0.66688,0.39118,1.4764,1.36883,1.40078,0.00191684,0.00191684,0.00191684
23,7920.54,1.53237,1.34574,1.43693,0.63344,0.56572,0.64783,0.355,1.61285,1.45019,1.48329,0.00191288,0.00191288,0.00191288
24,8150.61,1.5039,1.33062,1.40564,0.69926,0.59192,0.68639,0.39665,1.52765,1.32495,1.47168,0.00190892,0.00190892,0.00190892
25,8382.14,1.50798,1.33682,1.42187,0.6519,0.62729,0.67537,0.38613,1.50714,1.36665,1.44218,0.00190496,0.00190496,0.00190496
26,8616.6,1.51811,1.31316,1.41023,0.69467,0.60732,0.69161,0.3831,1.58534,1.39349,1.49225,0.001901,0.001901,0.001901
27,8849.42,1.52402,1.29949,1.42635,0.64575,0.57404,0.63062,0.3439,1.65259,1.46271,1.5207,0.00189704,0.00189704,0.00189704
28,9083.02,1.48376,1.2561,1.39069,0.7048,0.59567,0.67993,0.40047,1.51382,1.35131,1.44218,0.00189308,0.00189308,0.00189308
29,9314.35,1.48934,1.27497,1.40148,0.69855,0.58994,0.68076,0.39629,1.54137,1.32005,1.44808,0.00188912,0.00188912,0.00188912
30,9546.65,1.4938,1.26561,1.40781,0.68472,0.61065,0.68101,0.3843,1.52449,1.36066,1.44366,0.00188516,0.00188516,0.00188516
31,9783.39,1.49939,1.27481,1.38997,0.65019,0.62063,0.65404,0.36529,1.49767,1.37875,1.44262,0.0018812,0.0018812,0.0018812
32,10014.9,1.48279,1.24369,1.38461,0.69897,0.62895,0.68249,0.38021,1.49305,1.31337,1.42802,0.00187724,0.00187724,0.00187724
33,10248.4,1.47753,1.28434,1.4046,0.70441,0.58735,0.68129,0.40166,1.51349,1.31417,1.45391,0.00187328,0.00187328,0.00187328
34,10482.3,1.47847,1.26709,1.38846,0.67328,0.56572,0.63591,0.36837,1.50977,1.42673,1.43759,0.00186932,0.00186932,0.00186932
35,10714.2,1.45749,1.24959,1.40006,0.6943,0.62895,0.70395,0.40384,1.52841,1.2857,1.48427,0.00186536,0.00186536,0.00186536
36,10943.8,1.47051,1.23912,1.38084,0.63897,0.62136,0.67954,0.39557,1.45594,1.27513,1.41274,0.0018614,0.0018614,0.0018614
37,11175.5,1.45888,1.23214,1.39202,0.66662,0.61883,0.6889,0.3966,1.54628,1.27031,1.48956,0.00185744,0.00185744,0.00185744
38,11407.7,1.4411,1.1881,1.3635,0.61641,0.57737,0.58333,0.32349,1.58402,1.74598,1.49173,0.00185348,0.00185348,0.00185348
39,11636,1.44241,1.20615,1.36882,0.71094,0.6223,0.69785,0.39899,1.50035,1.39269,1.42097,0.00184952,0.00184952,0.00184952
40,11869.5,1.43439,1.18905,1.37189,0.69166,0.60899,0.70575,0.41779,1.50508,1.25203,1.42437,0.00184556,0.00184556,0.00184556
41,12098.8,1.41198,1.1786,1.36891,0.6971,0.62729,0.7129,0.40032,1.50845,1.25848,1.44462,0.0018416,0.0018416,0.0018416
42,12329.4,1.42763,1.16665,1.35338,0.61808,0.56739,0.61578,0.35616,1.54599,1.49732,1.45591,0.00183764,0.00183764,0.00183764
43,12553.7,1.43969,1.18166,1.3777,0.66128,0.65058,0.68925,0.3807,1.61897,1.32319,1.51344,0.00183368,0.00183368,0.00183368
44,12778.5,1.42252,1.19934,1.36672,0.66967,0.65439,0.70065,0.4029,1.44593,1.28433,1.41946,0.00182972,0.00182972,0.00182972
45,13003.7,1.41862,1.1734,1.36269,0.69395,0.62629,0.7056,0.40783,1.49886,1.23535,1.44757,0.00182576,0.00182576,0.00182576
46,13226.5,1.42274,1.16126,1.33059,0.68201,0.599,0.65791,0.39782,1.47474,1.32825,1.40131,0.0018218,0.0018218,0.0018218
47,13455.1,1.41884,1.14351,1.34455,0.65981,0.67126,0.71587,0.3976,1.5564,1.24428,1.45454,0.00181784,0.00181784,0.00181784
48,13685,1.41816,1.15619,1.35259,0.66771,0.63192,0.69636,0.40004,1.48626,1.32976,1.42758,0.00181388,0.00181388,0.00181388
49,13913,1.43613,1.16904,1.35526,0.70635,0.61897,0.68649,0.38855,1.52783,1.38446,1.45135,0.00180992,0.00180992,0.00180992
50,14142.1,1.41457,1.15902,1.35998,0.67774,0.62562,0.69914,0.40096,1.52913,1.3244,1.44347,0.00180596,0.00180596,0.00180596
51,14371.5,1.41337,1.15179,1.33726,0.673,0.64559,0.70172,0.40346,1.53312,1.25614,1.44352,0.001802,0.001802,0.001802
52,14601.9,1.42137,1.16489,1.35435,0.67041,0.61597,0.69378,0.39682,1.51036,1.27608,1.44674,0.00179804,0.00179804,0.00179804
53,14830.7,1.42225,1.1481,1.33975,0.69939,0.61897,0.69228,0.41066,1.46359,1.22903,1.39444,0.00179408,0.00179408,0.00179408
54,15058.5,1.39907,1.11122,1.33154,0.65405,0.64892,0.69864,0.40302,1.53329,1.23361,1.4617,0.00179012,0.00179012,0.00179012
55,15290.3,1.41593,1.1322,1.34086,0.63483,0.65058,0.6655,0.38072,1.52701,1.38313,1.44495,0.00178616,0.00178616,0.00178616
56,15522.5,1.41648,1.14569,1.33574,0.69777,0.63727,0.71942,0.42834,1.49728,1.18114,1.42679,0.0017822,0.0017822,0.0017822
57,15756.3,1.38093,1.12314,1.32069,0.67833,0.64561,0.71946,0.42235,1.47342,1.22518,1.41605,0.00177824,0.00177824,0.00177824
58,15987.7,1.39892,1.1295,1.33742,0.69559,0.69384,0.75283,0.43536,1.46059,1.179,1.4014,0.00177428,0.00177428,0.00177428
59,16218.5,1.38157,1.1029,1.32623,0.69309,0.64559,0.72049,0.42017,1.49977,1.18372,1.42298,0.00177032,0.00177032,0.00177032
60,16448.1,1.38688,1.1407,1.33425,0.71083,0.65441,0.73521,0.42444,1.48117,1.20746,1.42942,0.00176636,0.00176636,0.00176636
61,16678.6,1.39359,1.1091,1.3326,0.67923,0.63772,0.71357,0.41072,1.53023,1.27907,1.44546,0.0017624,0.0017624,0.0017624
62,16909,1.39041,1.10704,1.32842,0.73729,0.60399,0.71557,0.42187,1.44186,1.21673,1.40792,0.00175844,0.00175844,0.00175844
63,17140.3,1.39105,1.0826,1.32563,0.66214,0.62562,0.6805,0.38624,1.55959,1.26842,1.49538,0.00175448,0.00175448,0.00175448
64,17369.3,1.40277,1.10257,1.33406,0.62324,0.63856,0.65624,0.36134,1.52492,1.44494,1.45525,0.00175052,0.00175052,0.00175052
65,17602.5,1.38795,1.10807,1.3285,0.68846,0.61231,0.70046,0.39397,1.55899,1.27727,1.49441,0.00174656,0.00174656,0.00174656
66,17837.2,1.39429,1.09324,1.33395,0.70529,0.63894,0.72914,0.41125,1.52708,1.21428,1.44674,0.0017426,0.0017426,0.0017426
67,18068.6,1.38497,1.12229,1.31325,0.70332,0.65391,0.74653,0.43177,1.44316,1.16553,1.40893,0.00173864,0.00173864,0.00173864
68,18299.7,1.34295,1.07084,1.29924,0.69796,0.6772,0.73238,0.43011,1.46404,1.21089,1.41791,0.00173468,0.00173468,0.00173468
69,18534.2,1.37464,1.0843,1.3178,0.67625,0.68552,0.73832,0.43577,1.47325,1.23198,1.41936,0.00173072,0.00173072,0.00173072
70,18767.2,1.37992,1.08247,1.31538,0.73257,0.63356,0.72421,0.40904,1.54842,1.25198,1.45006,0.00172676,0.00172676,0.00172676
71,19000.5,1.33886,1.07874,1.30693,0.72631,0.65058,0.72389,0.42131,1.46318,1.20407,1.42111,0.0017228,0.0017228,0.0017228
72,19233.8,1.34787,1.05606,1.30797,0.74858,0.64559,0.7565,0.44335,1.45728,1.17722,1.41517,0.00171884,0.00171884,0.00171884
73,19467.4,1.33302,1.04277,1.29475,0.73491,0.64226,0.74537,0.44134,1.4834,1.17426,1.43338,0.00171488,0.00171488,0.00171488
74,19697.2,1.36755,1.06625,1.31835,0.66841,0.65405,0.71855,0.42764,1.46752,1.1763,1.42748,0.00171092,0.00171092,0.00171092
75,19928.5,1.33492,1.03913,1.29979,0.68127,0.6793,0.73744,0.42155,1.49763,1.16915,1.44069,0.00170696,0.00170696,0.00170696
76,20159.8,1.37239,1.07222,1.31395,0.696,0.65225,0.72834,0.40933,1.48474,1.2225,1.43102,0.001703,0.001703,0.001703
77,20391,1.33872,1.05944,1.29488,0.75097,0.66233,0.72884,0.41554,1.51674,1.19272,1.44199,0.00169904,0.00169904,0.00169904
78,20622.8,1.35221,1.0623,1.30331,0.71823,0.62063,0.70709,0.40611,1.47623,1.37081,1.42145,0.00169508,0.00169508,0.00169508
79,20852.6,1.34808,1.04617,1.29698,0.76436,0.66223,0.74695,0.42456,1.51256,1.22661,1.44114,0.00169112,0.00169112,0.00169112
80,21080.6,1.33398,1.03505,1.30287,0.68141,0.66057,0.70786,0.40951,1.47905,1.22884,1.415,0.00168716,0.00168716,0.00168716
81,21311.6,1.35948,1.04657,1.30888,0.70258,0.67998,0.72946,0.43632,1.46706,1.16538,1.39882,0.0016832,0.0016832,0.0016832
82,21544.2,1.34474,1.05767,1.29998,0.70361,0.69052,0.75292,0.43753,1.49871,1.16493,1.42645,0.00167924,0.00167924,0.00167924
83,21779.2,1.33481,1.04127,1.28552,0.70302,0.62627,0.7119,0.43079,1.46225,1.20519,1.39278,0.00167528,0.00167528,0.00167528
84,22007.5,1.32781,1.03607,1.28423,0.75035,0.63394,0.7341,0.43688,1.48376,1.18249,1.41412,0.00167132,0.00167132,0.00167132
85,22237,1.33147,1.02079,1.29454,0.7559,0.64393,0.74803,0.44716,1.43848,1.13644,1.37668,0.00166736,0.00166736,0.00166736
86,22468.6,1.32664,0.98609,1.27598,0.72134,0.68885,0.76404,0.43885,1.48983,1.17432,1.43209,0.0016634,0.0016634,0.0016634
87,22702.6,1.32023,0.99061,1.27929,0.68961,0.64324,0.71335,0.40636,1.52504,1.25261,1.46204,0.00165944,0.00165944,0.00165944
88,22936.5,1.30892,0.98048,1.27333,0.71436,0.69052,0.74055,0.43866,1.48197,1.1331,1.40616,0.00165548,0.00165548,0.00165548
89,23169.6,1.30303,0.96776,1.26428,0.70651,0.66089,0.73065,0.43239,1.4595,1.19482,1.40974,0.00165152,0.00165152,0.00165152
90,23402.4,1.30209,1.00254,1.26937,0.69415,0.66889,0.73809,0.42551,1.51127,1.17515,1.4484,0.00164756,0.00164756,0.00164756
91,23636.9,1.28337,0.98537,1.26464,0.69278,0.66889,0.73388,0.42956,1.47245,1.17752,1.42115,0.0016436,0.0016436,0.0016436
92,23871.3,1.28765,0.9915,1.27187,0.63829,0.70383,0.72356,0.41623,1.52688,1.21075,1.45739,0.00163964,0.00163964,0.00163964
93,24103.2,1.32507,1.00014,1.29737,0.68284,0.68719,0.7456,0.43975,1.45903,1.13447,1.40858,0.00163568,0.00163568,0.00163568
94,24338.4,1.28319,0.98919,1.2737,0.75683,0.6406,0.73122,0.43289,1.50357,1.17875,1.42472,0.00163172,0.00163172,0.00163172
95,24570.3,1.29631,0.96526,1.25556,0.76169,0.63816,0.74861,0.4446,1.46647,1.13171,1.40544,0.00162776,0.00162776,0.00162776
96,24803.7,1.3124,0.96395,1.27255,0.7007,0.6817,0.73361,0.4226,1.48045,1.17285,1.41093,0.0016238,0.0016238,0.0016238
97,25039.9,1.302,0.99199,1.28407,0.71676,0.66389,0.73124,0.41777,1.49228,1.18468,1.4273,0.00161984,0.00161984,0.00161984
98,25275.7,1.29017,0.96204,1.25945,0.73286,0.6589,0.74179,0.43241,1.50593,1.16096,1.42075,0.00161588,0.00161588,0.00161588
99,25508.5,1.30649,0.94656,1.26776,0.6707,0.68552,0.70697,0.40137,1.516,1.24549,1.43635,0.00161192,0.00161192,0.00161192
100,25744.3,1.273,0.94191,1.25859,0.72384,0.65418,0.73698,0.43416,1.4453,1.11734,1.38842,0.00160796,0.00160796,0.00160796
101,25981.9,1.31007,0.95596,1.28148,0.70985,0.66759,0.72117,0.4166,1.45973,1.16581,1.41015,0.001604,0.001604,0.001604
102,26215.3,1.3151,0.98567,1.2747,0.6481,0.73853,0.74186,0.42625,1.51013,1.16433,1.4351,0.00160004,0.00160004,0.00160004
103,26447.2,1.30367,0.9896,1.26214,0.74263,0.66734,0.75056,0.44061,1.46367,1.12893,1.41629,0.00159608,0.00159608,0.00159608
104,26682.7,1.27375,0.95923,1.23834,0.68203,0.69596,0.74182,0.44034,1.49825,1.13218,1.43642,0.00159212,0.00159212,0.00159212
105,26915.2,1.2662,0.93515,1.25841,0.73102,0.64892,0.73286,0.42706,1.54687,1.19798,1.44065,0.00158816,0.00158816,0.00158816
106,27150.5,1.25923,0.92506,1.25549,0.72745,0.66057,0.747,0.43407,1.45695,1.15646,1.42922,0.0015842,0.0015842,0.0015842
107,27388.8,1.2737,0.95783,1.27364,0.69516,0.67055,0.72088,0.42602,1.47088,1.15008,1.41254,0.00158024,0.00158024,0.00158024
108,27623.1,1.31073,0.96502,1.27303,0.68742,0.64402,0.70504,0.4077,1.49381,1.27155,1.41841,0.00157628,0.00157628,0.00157628
109,27859.8,1.26093,0.96462,1.24293,0.72844,0.65557,0.73357,0.43796,1.47427,1.19721,1.4173,0.00157232,0.00157232,0.00157232
110,28091.4,1.26928,0.95261,1.25514,0.71835,0.64393,0.73069,0.43599,1.47168,1.20578,1.43319,0.00156836,0.00156836,0.00156836
111,28326.5,1.25455,0.9322,1.24484,0.73365,0.63394,0.73526,0.41953,1.50512,1.1592,1.44173,0.0015644,0.0015644,0.0015644
112,28560,1.27949,0.94282,1.25488,0.7389,0.64509,0.72764,0.42206,1.52959,1.21522,1.45895,0.00156044,0.00156044,0.00156044
113,28794.1,1.28243,0.92422,1.24195,0.73305,0.67055,0.76311,0.45069,1.46681,1.1477,1.39775,0.00155648,0.00155648,0.00155648
114,29020.1,1.26282,0.92995,1.24431,0.71152,0.66073,0.72527,0.43671,1.42454,1.16538,1.38363,0.00155252,0.00155252,0.00155252
115,29248.4,1.26677,0.91463,1.2534,0.72006,0.65054,0.74747,0.42811,1.49957,1.15341,1.43281,0.00154856,0.00154856,0.00154856
116,29480.4,1.25254,0.92437,1.24388,0.71636,0.68499,0.74582,0.44009,1.49035,1.15185,1.44678,0.0015446,0.0015446,0.0015446
117,29711.4,1.28314,0.93034,1.25384,0.74205,0.65225,0.73637,0.4481,1.43805,1.14948,1.40267,0.00154064,0.00154064,0.00154064
118,29945.4,1.26272,0.9188,1.25142,0.70215,0.66223,0.73313,0.42713,1.52506,1.1748,1.45687,0.00153668,0.00153668,0.00153668
119,30178.7,1.25348,0.92098,1.2472,0.70955,0.66889,0.72375,0.4265,1.48619,1.17984,1.42972,0.00153272,0.00153272,0.00153272
120,30409.7,1.25158,0.92551,1.23226,0.76679,0.62369,0.74504,0.4416,1.47581,1.17987,1.41719,0.00152876,0.00152876,0.00152876
121,30642.2,1.24561,0.89839,1.2348,0.67639,0.70383,0.73391,0.42094,1.5304,1.19853,1.45198,0.0015248,0.0015248,0.0015248
122,30870.9,1.26036,0.91362,1.25084,0.74124,0.66057,0.74971,0.4465,1.47379,1.17921,1.42521,0.00152084,0.00152084,0.00152084
123,31099.6,1.27173,0.9228,1.25841,0.71629,0.6589,0.71647,0.4138,1.50585,1.21909,1.45546,0.00151688,0.00151688,0.00151688
124,31328.1,1.24859,0.91167,1.24376,0.68472,0.66223,0.72447,0.41649,1.55191,1.20577,1.47763,0.00151292,0.00151292,0.00151292
125,31558.8,1.22575,0.90433,1.22777,0.74555,0.64352,0.74264,0.43312,1.50929,1.16356,1.45114,0.00150896,0.00150896,0.00150896
126,31790.6,1.24326,0.88798,1.2303,0.71827,0.67388,0.74286,0.43196,1.53762,1.15242,1.46482,0.001505,0.001505,0.001505
127,32024.1,1.24794,0.89834,1.23281,0.69545,0.69913,0.75185,0.44054,1.46717,1.115,1.42624,0.00150104,0.00150104,0.00150104
128,32256.8,1.24146,0.89217,1.22578,0.69504,0.66744,0.73381,0.4288,1.54632,1.15373,1.47162,0.00149708,0.00149708,0.00149708
129,32487.7,1.21777,0.87078,1.21278,0.75083,0.65724,0.7384,0.44234,1.51658,1.11491,1.45061,0.00149312,0.00149312,0.00149312
130,32722.2,1.22217,0.87801,1.23266,0.68151,0.67055,0.7212,0.42684,1.5118,1.15457,1.45787,0.00148916,0.00148916,0.00148916
131,32956.6,1.20373,0.84017,1.22238,0.71007,0.65724,0.70601,0.41423,1.56563,1.17651,1.49112,0.0014852,0.0014852,0.0014852
132,33191.7,1.22215,0.87141,1.22374,0.75711,0.61564,0.72703,0.43216,1.49663,1.12409,1.44252,0.00148124,0.00148124,0.00148124
133,33425.6,1.21585,0.86755,1.21323,0.70429,0.67369,0.72477,0.43257,1.50207,1.14929,1.4367,0.00147728,0.00147728,0.00147728
134,33659.9,1.2177,0.86199,1.2141,0.70294,0.69296,0.739,0.43331,1.51015,1.10008,1.45416,0.00147332,0.00147332,0.00147332
135,33896.5,1.21658,0.86569,1.21308,0.69976,0.6772,0.73444,0.43406,1.47424,1.10221,1.4361,0.00146936,0.00146936,0.00146936
136,34131.1,1.22002,0.87168,1.22036,0.68626,0.67221,0.73411,0.43796,1.47272,1.15064,1.423,0.0014654,0.0014654,0.0014654
137,34363.3,1.19267,0.83983,1.19921,0.76003,0.62729,0.70206,0.39864,1.61133,1.21233,1.51184,0.00146144,0.00146144,0.00146144
138,34598.2,1.19701,0.86043,1.21669,0.71389,0.68386,0.73285,0.43903,1.48438,1.13354,1.43443,0.00145748,0.00145748,0.00145748
139,34834.7,1.20248,0.85312,1.21186,0.73351,0.63894,0.73947,0.43754,1.48159,1.14494,1.42606,0.00145352,0.00145352,0.00145352
140,35070.1,1.2074,0.84384,1.21168,0.73084,0.61398,0.71859,0.41753,1.54968,1.21025,1.49676,0.00144956,0.00144956,0.00144956
141,35304.8,1.19612,0.84085,1.20091,0.75118,0.60732,0.71021,0.42009,1.51194,1.1888,1.46502,0.0014456,0.0014456,0.0014456
142,35536.7,1.19983,0.86274,1.20699,0.6824,0.67221,0.73021,0.43371,1.52695,1.12544,1.43712,0.00144164,0.00144164,0.00144164
143,35774.9,1.1757,0.82545,1.18576,0.73488,0.63647,0.72383,0.42342,1.56739,1.15427,1.46919,0.00143768,0.00143768,0.00143768
144,36012.6,1.17415,0.82765,1.19715,0.73383,0.66389,0.74955,0.44291,1.50421,1.14075,1.46059,0.00143372,0.00143372,0.00143372
145,36248.4,1.20711,0.83253,1.21231,0.76307,0.65377,0.75919,0.44529,1.48935,1.09125,1.4422,0.00142976,0.00142976,0.00142976
146,36486,1.21254,0.85242,1.21004,0.65748,0.71226,0.72343,0.42359,1.50592,1.14234,1.4401,0.0014258,0.0014258,0.0014258
147,36719.3,1.19199,0.83272,1.19136,0.75794,0.64084,0.72376,0.42393,1.55901,1.1456,1.49906,0.00142184,0.00142184,0.00142184
148,36953.6,1.18279,0.84376,1.20244,0.68659,0.71048,0.74111,0.43336,1.53541,1.14764,1.46504,0.00141788,0.00141788,0.00141788
149,37189.8,1.1758,0.84054,1.19589,0.73821,0.66624,0.74335,0.43389,1.52378,1.09664,1.44978,0.00141392,0.00141392,0.00141392
150,37425.1,1.19684,0.85123,1.20581,0.68645,0.68885,0.72197,0.42335,1.52647,1.14738,1.4583,0.00140996,0.00140996,0.00140996
151,37659.4,1.17575,0.81435,1.17611,0.70194,0.69218,0.73596,0.43839,1.52359,1.13001,1.44683,0.001406,0.001406,0.001406
152,37894,1.19163,0.82831,1.19817,0.72082,0.66889,0.73245,0.42828,1.52547,1.18294,1.46512,0.00140204,0.00140204,0.00140204
153,38127.1,1.19086,0.84608,1.21014,0.69938,0.6589,0.72814,0.43367,1.50532,1.13306,1.46744,0.00139808,0.00139808,0.00139808
154,38362.6,1.20377,0.82911,1.20377,0.68578,0.69384,0.74101,0.42925,1.51563,1.12656,1.45145,0.00139412,0.00139412,0.00139412
155,38597.8,1.18266,0.81855,1.20022,0.72549,0.67221,0.7344,0.43163,1.49739,1.14763,1.42966,0.00139016,0.00139016,0.00139016
156,38834.5,1.17701,0.8141,1.18054,0.68299,0.67388,0.72984,0.42799,1.56348,1.15249,1.48811,0.0013862,0.0013862,0.0013862
157,39070.3,1.1584,0.81162,1.17454,0.72247,0.65405,0.74002,0.44072,1.49576,1.17739,1.44171,0.00138224,0.00138224,0.00138224
158,39308.6,1.16251,0.80572,1.17921,0.72149,0.67055,0.73789,0.43678,1.51329,1.14624,1.46947,0.00137828,0.00137828,0.00137828
159,39545.6,1.1715,0.8107,1.19537,0.73824,0.65724,0.72987,0.43555,1.51346,1.18037,1.45961,0.00137432,0.00137432,0.00137432
160,39781.6,1.16335,0.81364,1.18036,0.74007,0.66323,0.74384,0.43995,1.5125,1.12158,1.45732,0.00137036,0.00137036,0.00137036
161,40019.4,1.19568,0.86124,1.19129,0.6946,0.68874,0.73445,0.43859,1.48566,1.17833,1.42633,0.0013664,0.0013664,0.0013664
162,40257.1,1.16338,0.8054,1.17745,0.72422,0.67729,0.73199,0.44411,1.46806,1.16125,1.419,0.00136244,0.00136244,0.00136244
163,40494.2,1.15039,0.79885,1.17494,0.68237,0.6772,0.72111,0.43098,1.50625,1.16417,1.44777,0.00135848,0.00135848,0.00135848
164,40731.3,1.16064,0.79571,1.17169,0.75742,0.62063,0.734,0.43296,1.52887,1.18651,1.45964,0.00135452,0.00135452,0.00135452
165,40969.4,1.15213,0.79542,1.16608,0.71858,0.64393,0.72615,0.42642,1.54584,1.14725,1.49033,0.00135056,0.00135056,0.00135056
166,41208.4,1.15601,0.79239,1.16195,0.67626,0.66722,0.71579,0.40725,1.57434,1.18347,1.48818,0.0013466,0.0013466,0.0013466
167,41450,1.16728,0.8241,1.17812,0.67833,0.69052,0.72193,0.4272,1.5617,1.13647,1.47976,0.00134264,0.00134264,0.00134264
168,41688.9,1.17645,0.81096,1.18489,0.7073,0.65225,0.72347,0.42517,1.50685,1.155,1.44412,0.00133868,0.00133868,0.00133868
169,41928,1.16699,0.8135,1.17837,0.72048,0.66389,0.73208,0.43095,1.49205,1.13981,1.44048,0.00133472,0.00133472,0.00133472
170,42167.2,1.15937,0.78298,1.16726,0.74101,0.64226,0.72022,0.41368,1.51069,1.18652,1.45908,0.00133076,0.00133076,0.00133076
171,42407.4,1.15065,0.8116,1.18299,0.69382,0.69551,0.73953,0.42803,1.49494,1.14383,1.45323,0.0013268,0.0013268,0.0013268
172,42650.6,1.14447,0.79608,1.17281,0.7457,0.67821,0.74509,0.43195,1.51399,1.14182,1.45275,0.00132284,0.00132284,0.00132284
173,42891.7,1.16387,0.82333,1.18532,0.67188,0.69551,0.71757,0.42218,1.5231,1.18895,1.4673,0.00131888,0.00131888,0.00131888
174,43130.3,1.16952,0.80627,1.17405,0.70748,0.67887,0.73113,0.42423,1.5434,1.17417,1.47547,0.00131492,0.00131492,0.00131492
175,43372.2,1.124,0.77998,1.15786,0.7243,0.64257,0.72017,0.42098,1.53091,1.15047,1.46369,0.00131096,0.00131096,0.00131096
176,43615.9,1.14322,0.75874,1.16121,0.70344,0.71436,0.74612,0.43304,1.5294,1.11387,1.46427,0.001307,0.001307,0.001307
177,43857,1.12745,0.7729,1.16264,0.74779,0.64626,0.72455,0.41912,1.53847,1.22256,1.47826,0.00130304,0.00130304,0.00130304
178,44096.5,1.14177,0.77243,1.16155,0.76824,0.65635,0.73759,0.43203,1.50675,1.17916,1.44493,0.00129908,0.00129908,0.00129908
179,44335.9,1.14411,0.7734,1.18127,0.7069,0.71215,0.73472,0.4364,1.49333,1.12959,1.45066,0.00129512,0.00129512,0.00129512
180,44576.9,1.11839,0.74542,1.15524,0.73022,0.66204,0.72181,0.42119,1.54976,1.18117,1.48759,0.00129116,0.00129116,0.00129116
181,44820.2,1.12406,0.77832,1.16419,0.7023,0.7144,0.74413,0.44288,1.51234,1.13645,1.45924,0.0012872,0.0012872,0.0012872
182,45059.3,1.13834,0.77509,1.17158,0.71317,0.64892,0.70853,0.41293,1.58588,1.17875,1.5235,0.00128324,0.00128324,0.00128324
183,45298.6,1.12277,0.76609,1.15507,0.68352,0.68279,0.72358,0.42164,1.55875,1.1468,1.50335,0.00127928,0.00127928,0.00127928
184,45541.4,1.13956,0.77657,1.17084,0.76979,0.64542,0.75234,0.44249,1.50469,1.08832,1.46551,0.00127532,0.00127532,0.00127532
185,45782,1.1333,0.78641,1.17537,0.73042,0.6627,0.72764,0.42134,1.54162,1.19532,1.48047,0.00127136,0.00127136,0.00127136
186,46024.1,1.13793,0.76614,1.16024,0.70589,0.71547,0.74774,0.44159,1.51331,1.13086,1.44685,0.0012674,0.0012674,0.0012674
187,46266.8,1.13684,0.76338,1.16689,0.74905,0.63561,0.72303,0.41505,1.57011,1.14034,1.51017,0.00126344,0.00126344,0.00126344
188,46508,1.14728,0.79148,1.16726,0.76385,0.64226,0.73148,0.41743,1.5786,1.11932,1.50877,0.00125948,0.00125948,0.00125948
189,46747.7,1.10438,0.75281,1.14991,0.71106,0.68719,0.73514,0.42588,1.54165,1.15424,1.46481,0.00125552,0.00125552,0.00125552
190,46989.3,1.11579,0.74875,1.15398,0.68223,0.6966,0.7143,0.41502,1.53219,1.15533,1.48044,0.00125156,0.00125156,0.00125156
191,47227.5,1.12012,0.7569,1.15911,0.69122,0.68163,0.71998,0.42631,1.52424,1.15588,1.44657,0.0012476,0.0012476,0.0012476
192,47453.3,1.12243,0.76487,1.15137,0.75278,0.66556,0.73307,0.42405,1.59015,1.14244,1.51911,0.00124364,0.00124364,0.00124364
193,47686.1,1.09579,0.74165,1.14207,0.7579,0.65724,0.73957,0.43233,1.5274,1.15879,1.46552,0.00123968,0.00123968,0.00123968
194,47926.4,1.0911,0.74105,1.14285,0.73256,0.6406,0.71628,0.42854,1.52272,1.1534,1.45947,0.00123572,0.00123572,0.00123572
195,48161,1.11859,0.75931,1.15468,0.72251,0.65724,0.72353,0.41987,1.55431,1.12629,1.48604,0.00123176,0.00123176,0.00123176
196,48387.9,1.1375,0.76859,1.16746,0.74469,0.64559,0.73144,0.42712,1.55468,1.18912,1.49984,0.0012278,0.0012278,0.0012278
197,48611.8,1.12212,0.7664,1.15462,0.71736,0.67055,0.73291,0.42759,1.52071,1.1709,1.4895,0.00122384,0.00122384,0.00122384
198,48837.9,1.11384,0.75174,1.15093,0.7272,0.64758,0.72696,0.42753,1.54324,1.17332,1.4777,0.00121988,0.00121988,0.00121988
199,49062.1,1.11357,0.75364,1.14453,0.73456,0.65225,0.7297,0.43417,1.54394,1.18532,1.49617,0.00121592,0.00121592,0.00121592
200,49290,1.10666,0.75568,1.14973,0.68773,0.6816,0.71818,0.42254,1.53828,1.2082,1.47749,0.00121196,0.00121196,0.00121196
201,49514.7,1.10799,0.76027,1.1586,0.67511,0.69717,0.73177,0.43,1.52082,1.16477,1.48662,0.001208,0.001208,0.001208
202,49738.6,1.12015,0.75034,1.14783,0.69687,0.68885,0.72996,0.42435,1.55899,1.09177,1.47963,0.00120404,0.00120404,0.00120404
203,49963.7,1.11919,0.75697,1.15095,0.6944,0.67887,0.70376,0.40948,1.5717,1.21116,1.5039,0.00120008,0.00120008,0.00120008
204,50186.5,1.10704,0.74673,1.14755,0.79409,0.61601,0.73043,0.43029,1.5228,1.18889,1.45285,0.00119612,0.00119612,0.00119612
205,50413.8,1.0988,0.74405,1.1467,0.70253,0.67887,0.73072,0.42918,1.56836,1.1895,1.48654,0.00119216,0.00119216,0.00119216
206,50639.7,1.08012,0.72729,1.12739,0.71379,0.65724,0.72915,0.42797,1.55275,1.18753,1.4818,0.0011882,0.0011882,0.0011882
207,50863.6,1.09605,0.73256,1.1285,0.69688,0.69052,0.73578,0.42779,1.52598,1.15155,1.45862,0.00118424,0.00118424,0.00118424
208,51088.3,1.10894,0.72783,1.15007,0.68937,0.70161,0.74295,0.43884,1.55515,1.15242,1.48371,0.00118028,0.00118028,0.00118028
209,51313.6,1.09265,0.71986,1.14118,0.70783,0.68386,0.73623,0.43433,1.53756,1.12786,1.48131,0.00117632,0.00117632,0.00117632
210,51538.4,1.09516,0.7214,1.13081,0.70545,0.6589,0.72219,0.42435,1.56387,1.17694,1.49569,0.00117236,0.00117236,0.00117236
211,51763.5,1.0726,0.72131,1.13016,0.71283,0.66389,0.72845,0.4245,1.55,1.16911,1.49174,0.0011684,0.0011684,0.0011684
212,51988.8,1.07808,0.72693,1.12992,0.67781,0.7005,0.74152,0.44366,1.539,1.17395,1.48919,0.00116444,0.00116444,0.00116444
213,52211.9,1.08386,0.72184,1.13432,0.73248,0.66889,0.72839,0.43314,1.56573,1.17678,1.50984,0.00116048,0.00116048,0.00116048
